Tahun,Minggu,Insiden,Sembuh
2017,1,21,1
2017,2,18,3
2017,3,21,1
2017,4,19,0
2017,5,16,1
2017,6,16,3
2017,7,13,1
2017,8,10,0
2017,9,18,0
2017,10,13,1
2017,11,16,0
2017,12,21,0
2017,13,11,0
2017,14,20,0
2017,15,11,1
2017,16,10,0
2017,17,8,0
2017,18,5,1
2017,19,14,1
2017,20,10,0
2017,21,15,0
2017,22,18,0
2017,23,12,0
2017,24,11,0
2017,25,6,0
2017,26,9,0
2017,27,9,0
2017,28,10,0
2017,29,6,0
2017,30,10,0
2017,31,5,1
2017,32,8,0
2017,33,6,1
2017,34,9,0
2017,35,5,0
2017,36,7,0
2017,37,10,0
2017,38,2,0
2017,39,2,0
2017,40,6,0
2017,41,7,0
2017,42,6,0
2017,43,6,0
2017,44,7,1
2017,45,9,0
2017,46,10,1
2017,47,13,0
2017,48,4,0
2017,49,10,2
2017,50,10,0
2017,51,8,1
2017,52,9,3
2017,53,4,0
2018,54,4,0
2018,55,7,0
2018,56,4,0
2018,57,10,0
2018,58,18,0
2018,59,11,0
2018,60,11,0
2018,61,10,2
2018,62,9,0
2018,63,9,1
2018,64,18,1
2018,65,22,3
2018,66,12,2
2018,67,18,2
2018,68,25,2
2018,69,24,1
2018,70,21,2
2018,71,20,0
2018,72,27,3
2018,73,23,0
2018,74,19,1
2018,75,16,1
2018,76,12,0
2018,77,5,1
2018,78,11,3
2018,79,9,1
2018,80,10,0
2018,81,11,2
2018,82,8,0
2018,83,7,1
2018,84,7,0
2018,85,5,0
2018,86,7,1
2018,87,7,0
2018,88,3,0
2018,89,7,0
2018,90,8,4
2018,91,2,0
2018,92,8,1
2018,93,1,1
2018,94,6,0
2018,95,6,2
2018,96,3,1
2018,97,6,0
2018,98,6,1
2018,99,4,1
2018,100,3,1
2018,101,6,3
2018,102,3,0
2018,103,5,3
2018,104,14,1
2018,105,11,1
2018,106,12,1
2019,107,12,1
2019,108,28,0
2019,109,21,1
2019,110,25,2
2019,111,38,2
2019,112,41,11
2019,113,60,9
2019,114,67,17
2019,115,75,8
2019,116,92,19
2019,117,90,13
2019,118,87,17
2019,119,85,18
2019,120,56,15
2019,121,39,15
2019,122,51,22
2019,123,56,14
2019,124,65,9
2019,125,35,5
2019,126,66,9
2019,127,61,6
2019,128,44,6
2019,129,29,1
2019,130,38,8
2019,131,29,6
2019,132,23,4
2019,133,17,7
2019,134,19,8
2019,135,10,0
2019,136,17,1
2019,137,6,0
2019,138,8,2
2019,139,10,3
2019,140,6,1
2019,141,7,0
2019,142,4,6
2019,143,3,3
2019,144,6,1
2019,145,6,0
2019,146,2,1
2019,147,4,3
2019,148,4,1
2019,149,8,1
2019,150,6,1
2019,151,7,1
2019,152,5,0
2019,153,8,1
2019,154,10,3
2019,155,4,0
2019,156,5,0
2019,157,5,0
2019,158,8,0
2019,159,10,0
2020,160,10,0
2020,161,12,2
2020,162,22,3
2020,163,9,2
2020,164,8,4
2020,165,27,5
2020,166,24,11
2020,167,39,10
2020,168,30,2
2020,169,45,17
2020,170,39,22
2020,171,59,16
2020,172,46,12
2020,173,47,15
2020,174,44,13
2020,175,38,13
2020,176,36,6
2020,177,36,5
2020,178,37,7
2020,179,33,4
2020,180,17,4
2020,181,17,1
2020,182,6,3
2020,183,3,1
2020,184,5,0
2020,185,7,1
2020,186,3,2
2020,187,7,2
2020,188,6,0
2020,189,7,0
2020,190,3,0
2020,191,0,1
2020,192,1,1
2020,193,3,0
2020,194,2,0
2020,195,0,0
2020,196,0,0
2020,197,1,1
2020,198,0,3
2020,199,0,0
2020,200,0,0
2020,201,0,0
2020,202,1,0
2020,203,0,0
2020,204,1,1
2020,205,1,0
2020,206,2,0
2020,207,2,0
2020,208,3,2
2020,209,1,2
2020,210,2,0
2020,211,1,0
2020,212,1,1
2021,213,2,1
2021,214,3,0
2021,215,2,0
2021,216,0,1
2021,217,1,0
2021,218,2,2
2021,219,1,1
2021,220,6,0
2021,221,3,1
2021,222,4,1
2021,223,3,1
2021,224,4,5
2021,225,9,2
2021,226,13,1
2021,227,4,6
2021,228,9,1
2021,229,11,1
2021,230,14,3
2021,231,10,6
2021,232,11,2
2021,233,16,2
2021,234,9,5
2021,235,9,2
2021,236,13,4
2021,237,3,1
2021,238,1,1
2021,239,2,1
2021,240,1,2
2021,241,0,1
2021,242,0,0
2021,243,4,1
2021,244,3,1
2021,245,3,0
2021,246,4,0
2021,247,8,1
2021,248,3,0
2021,249,11,2
2021,250,5,3
2021,251,6,1
2021,252,10,4
2021,253,5,4
2021,254,4,3
2021,255,0,3
2021,256,6,3
2021,257,13,5
2021,258,10,2
2021,259,7,3
2021,260,20,3
2021,261,9,2
2021,262,17,1
2021,263,14,2
2021,264,12,3
2021,265,21,10
2022,266,21,10
2022,267,21,8
2022,268,23,9
2022,269,18,8
2022,270,13,6
2022,271,11,2
2022,272,17,9
2022,273,18,6
2022,274,16,10
2022,275,26,8
2022,276,40,10
2022,277,28,12
2022,278,39,17
2022,279,32,15
2022,280,49,8
2022,281,34,5
2022,282,36,8
2022,283,41,7
2022,284,51,9
2022,285,44,14
2022,286,52,7
2022,287,37,11
2022,288,29,7
2022,289,24,8
2022,290,41,4
2022,291,26,2
2022,292,35,12
2022,293,41,6
2022,294,38,6
2022,295,34,1
2022,296,40,6
2022,297,18,3
2022,298,16,6
2022,299,12,9
2022,300,10,5
2022,301,17,4
2022,302,11,6
2022,303,9,3
2022,304,14,2
2022,305,13,0
2022,306,20,5
2022,307,11,2
2022,308,14,7
2022,309,15,7
2022,310,17,8
2022,311,18,7
2022,312,18,8
2022,313,16,7
2022,314,14,17
2022,315,21,8
2022,316,25,7
2022,317,20,1
2022,318,13,5
2023,319,13,5
2023,320,15,7
2023,321,16,6
2023,322,17,11
2023,323,16,9
2023,324,12,10
2023,325,18,8
2023,326,13,5
2023,327,24,8
2023,328,21,3
2023,329,21,7
2023,330,31,12
2023,331,29,5
2023,332,33,8
2023,333,26,5
2023,334,14,4
2023,335,20,7
2023,336,23,3
2023,337,17,6
2023,338,19,1
2023,339,16,4
2023,340,15,4
2023,341,26,5
2023,342,17,1
2023,343,16,3
2023,344,5,1
2023,345,5,4
2023,346,12,3
2023,347,15,5
2023,348,8,1
2023,349,8,2
2023,350,9,5
2023,351,13,1
2023,352,7,3
2023,353,10,0
2023,354,8,1
2023,355,7,2
2023,356,9,2
2023,357,14,0
2023,358,13,0
2023,359,9,1
2023,360,11,4
2023,361,8,3
2023,362,10,3
2023,363,11,1
2023,364,9,7
2023,365,4,4
2023,366,5,1
2023,367,4,2
2023,368,8,2
2023,369,5,2
2023,370,10,1
2023,371,9,2
2024,372,9,2
2024,373,14,6
2024,374,15,2
2024,375,21,7
2024,376,14,3
2024,377,17,2
2024,378,20,4
2024,379,37,8
2024,380,32,15
2024,381,48,13
2024,382,67,31
2024,383,76,23
2024,384,116,30
2024,385,100,28
2024,386,76,36
2024,387,125,34
2024,388,147,36
2024,389,129,30
2024,390,97,32
2024,391,108,28
2024,392,81,19
2024,393,46,14
2024,394,48,13
2024,395,44,13
2024,396,35,7
2024,397,16,6
2024,398,24,6
2024,399,25,9
2024,400,21,4
2024,401,25,1
2024,402,18,5
2024,403,33,7
2024,404,24,1
2024,405,18,5
2024,406,20,2
2024,407,11,2
2024,408,9,3
2024,409,9,0
2024,410,6,1
2024,411,11,1
2024,412,9,0
2024,413,12,1
2024,414,7,1
2024,415,10,1
2024,416,6,1
2024,417,13,0
2024,418,14,3
2024,419,17,0
2024,420,10,3
2024,421,17,3
2024,422,18,4
2024,423,14,1
2024,424,15,2
2025,425,15,2
2025,426,17,8
2025,427,26,9
2025,428,35,10
2025,429,16,9
2025,430,40,14
2025,431,23,11
2025,432,25,13
2025,433,38,16
2025,434,35,8
2025,435,45,12
2025,436,51,9
2025,437,30,14
2025,438,30,14
2025,439,37,16
2025,440,49,12
2025,441,44,12
2025,442,38,14
2025,443,51,8
2025,444,31,9
2025,445,40,9
2025,446,23,7
2025,447,34,5
2025,448,27,9
2025,449,37,11
2025,450,36,7
2025,451,46,8
2025,452,39,9
2025,453,29,3
2025,454,50,6
2025,455,37,6
2025,456,41,16
2025,457,44,5
2025,458,35,4
2025,459,37,10
2025,460,31,5
2025,461,32,4
2025,462,24,10
2025,463,21,6
2025,464,31,2
2025,465,17,5
2025,466,27,9
2025,467,30,3
2025,468,12,1
2025,469,10,2
2025,470,9,3
2025,471,14,2
2025,472,14,5
2025,473,9,2
2025,474,15,0
2025,475,6,5
2025,476,5,2
2025,477,11,2